"Provincia","pct_paredes_ladrillo","pct_techos_concreto","pct_pisos_precario","pct_pisos_buenos","indice_algebraico","indice_aritmetico"
"Lima, provincia: Lima",85.0696027951453,74.3282456785583,54.0356289076867,45.9643710923133,3.76007312605176,3.60588194395428
"Provincia Constitucional del Callao",74.7831059553958,64.103014459603,61.2784903194183,38.7215096805817,3.09646349694835,2.96946345144741
"Arequipa, provincia: Arequipa",86.5097535455666,70.6606304841032,69.8432595385843,30.1567404614157,3.04739852434412,2.92211437855838
"Moquegua, provincia: Ilo",81.4276939276939,69.0724815724816,71.6874341874342,28.3125658125658,2.86219828422472,2.7441119058032
"La Lbertad, provincia: Trujillo",69.3868625907461,63.2734190501181,68.364383801277,31.635616198723,2.70316895198304,2.59143373419284
"Ica, provincia: Ica",71.929526851667,62.1042124176482,74.6725893391895,25.3274106608105,2.45417278277569,2.35267627979139
"Lambayeque, provincia: Chiclayo",65.1639915539058,55.6714283501722,69.4283398468758,30.5716601531242,2.4413689705368,2.34096522988336
"Tacna, provincia: Tacna",85.9647364141634,56.3047860905982,77.6344660897072,22.3655339102928,2.4227817704442,2.32461949430153
"Junín, provincia: Huancayo",66.9136020225181,57.7108504571244,78.3960960696123,21.6039039303877,2.13460449347528,2.04610553464959
"Ica, provincia: Pisco",70.2666401353099,52.0022883295195,78.7284847278878,21.2715152721122,2.05505529268439,1.97094759987981
"Cusco, provincia: Cusco",52.3375003516801,35.7963444026596,67.0339769860547,32.9660230139453,1.94623838359694,1.86784011697952
"Áncash, provincia: Santa",66.5544678263402,48.2806170079738,79.2971727605197,20.7028272394803,1.90029299346693,1.82265581602429
"Ica, provincia: Nazca",61.1080608934365,49.1789368604941,80.3244322435738,19.6755677564262,1.79418935662699,1.72016613054328
"Arequipa, provincia: Islay",65.4662254233989,50.8662643566284,83.4014664849783,16.5985335150217,1.76516774867223,1.69233814548048
"Ica, provincia: Chincha",67.0808975391186,45.1324955368082,81.5608919382504,18.4391080617496,1.74980744150845,1.67870199303089
"Lima, provincia: Huaral",63.3855094595741,47.2533299397641,82.5803851701027,17.4196148298973,1.69501855905122,1.62542403598238
"Piura, provincia: Talara",67.1440675649821,33.7934238937328,78.2518380845656,21.7481619154344,1.65881124988785,1.59326756909299
"Puno, provincia: San Román",73.0028800970138,59.3729472992774,93.0801879642262,6.91981203577383,1.64648928892306,1.57746356341453
"Junín, provincia: Yauli",59.5875684128225,38.4870992963253,79.1829554339328,20.8170445660672,1.60216755296411,1.53746301734651
"Lima, provincia: Barranca",59.2745108325028,43.177883858784,82.8463515711063,17.1536484288937,1.53974936052689,1.47667557656337
"Arequipa, provincia: Camaná",59.0230139411374,47.0458065943793,85.4613852622262,14.5386147377738,1.50531472604741,1.44291305343602
"Moquegua, provincia: Mariscal Nieto",52.32994498488,45.7973549021751,82.6174080956024,17.3825919043976,1.4985939000111,1.43615356973631
"Lima, provincia: Huaura",52.9308390953734,39.4074268727315,79.8709084040928,20.1290915959072,1.49257215500693,1.43152167685293
"Tacna, provincia: Jorge Basadre",44.6003262642741,33.8988580750408,74.3230016313214,25.6769983686786,1.48778954697959,1.4272334026046
"Lima, provincia: Cañete",60.5791530323728,39.9958700003177,84.9445626965721,15.0554373034279,1.40712274683458,1.34994135207024
"Áncash, provincia: Huaraz",45.612188763185,40.5415102011529,81.2839340811787,18.7160659188213,1.34715037976348,1.2910811959833
"Cajamarca, provincia: Cajamarca",45.0516429779261,37.9221699191079,81.6416068735433,18.3583931264567,1.27069438573071,1.21805577894254
"Ayacucho, provincia: Huamanga",48.2435395794814,45.1061329205544,86.5603187570767,13.4396812429233,1.25888184906643,1.20571552108692
"Piura, provincia: Piura",56.0185877632278,26.7000531226308,80.7665131439829,19.2334868560171,1.24354817568101,1.19477552646229
"Piura, provincia: Sechura",68.1517401626509,29.1306763651058,86.8212355407385,13.1787644592615,1.22159766355355,1.17421490907131
"San Martín, provincia: San Martín",61.987462747919,18.6866714623369,79.6094954269859,20.3905045730141,1.21852385744927,1.17258990434419
"Huánuco, provincia: Huánuco",41.8335838229266,37.6772783167099,84.4350321082115,15.5649678917885,1.10100306840428,1.0548619381212
"Ica, provincia: Palpa",50.9694619486185,41.0567135239942,90.1841977702375,9.81580222976248,1.06623168949246,1.02159001615127
"Arequipa, provincia: Caravelí",49.6866531165312,35.7808265582656,90.9298780487805,9.07012195121951,0.908880143167936,0.87126891657921
"Tumbes, provincia: Tumbes",50.3426222019187,19.5378807915174,83.3665937342214,16.6334062657786,0.904823414366569,0.870232862301912
"Puno, provincia: Puno",43.7726535505254,36.6307030533813,89.3237430364572,10.6762569635428,0.904716819762975,0.866663495067154
"La Lbertad, provincia: Ascope",42.8944152713102,36.5137554080386,89.5505135572509,10.4494864427491,0.879744516223504,0.842629925988725
"Áncash, provincia: Huarmey",48.6457204767064,27.638136511376,88.7648970747562,11.2351029252438,0.818470388672088,0.785759101144053
"Madre de Dios prov. de Tambopata",57.9599495325289,19.2132250655107,88.5736469218078,11.4263530781922,0.794816729279768,0.765221143856203
"Huánuco, provincia: Leoncio Prado",55.0414679345019,24.1911474314184,90.2573138499863,9.74268615001367,0.781892040330376,0.751719363887028
"Piura, provincia: Sullana",51.3493596259402,19.9545131124212,87.1226367147794,12.8773632852206,0.771557742847504,0.74223925424659
"Apurímac, provincia: Abancay",38.5807953918745,30.7739444818923,88.6819045284637,11.3180954715363,0.735033162875893,0.704294250402945
"Piura, provincia: Paita",56.8951157118211,18.0260574692129,89.2587304420251,10.7412695579749,0.726210439154605,0.699448354664686
"San Martín, provincia: Moyobamba",58.2179260773926,18.6417572884717,90.2872014127707,9.7127985872293,0.71555767801657,0.68921284031229
"Junín, provincia: Chanchamayo",60.7521858905258,22.6230686309738,94.301113905857,5.69888609414301,0.666697069093139,0.641791259732192
"Tumbes, provincia: Zarumilla",55.4427235534775,13.3985973115137,90.4295733489188,9.57042665108125,0.561732662417372,0.542157279965465
"La Lbertad, provincia: Pacasmayo",31.7652884377321,25.3881795352456,88.6570226010682,11.3429773989318,0.524872023105942,0.502839310576913
"Loreto, provincia: Maynas",51.9777618434882,6.85119883701514,86.8987397723143,13.1012602276857,0.524447574638719,0.507208643771213
"Junín, provincia: Chupaca",41.0614133482894,30.7627593942793,95.2467750981492,4.75322490185081,0.497891166467568,0.476717446167428
"La Lbertad, provincia: Chepén",33.9019980529415,24.7554587177229,90.241527977377,9.75847202262297,0.477853608290871,0.457954283061008
"Arequipa, provincia: Caylloma",48.7514645577036,25.6370826010545,96.1701816051552,3.82981839484475,0.470360676807076,0.451758984598461
"Pasco, provincia: Pasco",58.5673465366046,11.7515682990114,93.0732091831708,6.92679081682924,0.464702036176499,0.449488445564113
"San Martín, provincia: Rioja",55.2385128574561,17.5368810098036,94.7192031822595,5.28079681774048,0.463594020279219,0.447164874360124
"Lambayeque, provincia: Lambayeque",35.1069299501133,21.7778580659506,90.068507427428,9.93149257257203,0.44268286386412,0.424781933583764
"Cajamarca, provincia: Jaén",34.3056474409094,24.4942964254927,91.7303181572142,8.26968184278583,0.416450444133126,0.399053956089452
"Lima, provincia: Huarochirí",34.726453027903,21.7740952845132,91.0625076154502,8.93749238454977,0.39542746653457,0.379364876589039
"Áncash, provincia: Casma",38.5550442964082,19.8063319826935,92.6790742394066,7.32092576059337,0.345286692507946,0.331843264121647
"Tumbes, provincia: Contralmirante Villar",42.8241152409746,9.87017606260004,90.7878356749066,9.21216432509337,0.28647602315442,0.277406794057325
"San Martín, provincia: Mariscal Cáceres",43.983605554536,14.3757264329846,93.5033951183703,6.49660488162965,0.28188405551838,0.272307100667246
"La Lbertad, provincia: Virú",34.6927578639356,26.4950621799561,96.1640453547915,3.83595464520849,0.277772499178967,0.265539787836544
"Arequipa, provincia: Castilla",31.0679611650485,23.4198533782445,94.0657816524668,5.93421834753319,0.248749834349536,0.237914116355972
"San Martín, provincia: Tocache",46.060773480663,14.171270718232,96,4,0.204593822293172,0.198267720568338
"Huancavelica, provincia: Huancavelica",25.7137554517616,23.6815243280027,94.0301277490798,5.96987225092023,0.175473417630326,0.167071790992698
"Junín, provincia: Tarma",27.0256204963971,19.3314651721377,93.1104883907126,6.88951160928744,0.145219429159641,0.138867608126601
"Lambayeque, provincia: Ferreñafe",26.6836713703871,18.7435718105895,92.9814456740856,7.01855432591435,0.133563862964238,0.127747709875056
"Amazonas, provincia: Chachapoyas",27.0162154439603,16.1582970212158,91.8851346524752,8.11486534752483,0.131843762446496,0.126568573580814
"Junín, provincia: Jauja",28.0262825372757,19.2148934377896,96.398786959818,3.60121304018196,0.0205680557125918,0.019239662515388
"Junín, provincia: Concepción",24.4429924861156,17.7262332571055,95.8706305129043,4.12936948709573,-0.0411795957520105,-0.0400890796627018
"Madre de Dios prov. de Manu",38.292061179898,8.48506919155135,96.4675892206846,3.53241077931537,-0.0464737550274033,-0.0424993876751885
"Ucayali, provincia: Coronel Portillo",25.7820316147536,7.95482336201338,92.1140976900331,7.88590230996688,-0.0626110105372725,-0.0588795113515051
"Apurímac, provincia: Andahuaylas",22.1242008227189,17.1432819547009,95.8318877930317,4.16811220696833,-0.0860681846136223,-0.0832833119021034
"Loreto, provincia: Alto Amazonas",34.3941073407945,4.93438695605535,94.768834698037,5.23116530196303,-0.10590370215932,-0.0992698126843696
"Puno, provincia: El Collao",28.8238046954216,16.3091802511505,98.5141564620544,1.48584353794556,-0.114752988593078,-0.110169724990275
"Madre de Dios prov. de Tahuamanu",33.2773673606447,3.42511752854265,94.0228341168569,5.97716588314306,-0.122088881914957,-0.114641192042556
"San Martín, provincia: Bellavista",34.96666895746,7.51151123634115,96.715002405333,3.28499759466703,-0.126285321137587,-0.119247313368526
"Pasco, provincia: Oxapampa",28.0982123626965,7.3831574413095,94.4992461770407,5.5007538229593,-0.139124959087886,-0.132091192833039
"San Martín, provincia: Huallaga",37.6212023270847,5.95992243051067,97.5048480930834,2.49515190691662,-0.151033894747513,-0.142543302789998
"Piura, provincia: Morropón",32.0999466002136,7.76299394802421,96.4711641153435,3.52883588465646,-0.153877962527515,-0.146015941081193
"San Martín, provincia: Picota",36.4430103445003,5.40001898073455,96.9630824712916,3.03691752870836,-0.157401033950396,-0.148653572643083
"Puno, provincia: Yunguyo",22.8845470692718,17.4351687388988,98.2380106571936,1.76198934280639,-0.169204888903104,-0.163126330652629
"Ayacucho, provincia: Huanta",20.0200360649168,15.7723903025446,96.4496092967341,3.55039070326588,-0.17113389245759,-0.164914133904492
"Amazonas, provincia: Bagua",23.734631147541,11.203893442623,96.5573770491803,3.44262295081967,-0.212769571577414,-0.20382575714462
"Áncash, provincia: Huaylas",15.9745969711773,12.3874659780864,95.3520831879405,4.64791681205946,-0.254501336696015,-0.244716316874785
"Junín, provincia: Junín",36.1938278289118,4.31781266919329,98.7547374120195,1.24526258798051,-0.257867035978291,-0.244981928042763
"Junín, provincia: Satipo",24.0869098925543,11.0325514885504,97.8788901908602,2.12110980913984,-0.266136597424999,-0.255027015038567
"Ucayali, provincia: Padre Abad",26.2561642009863,7.60362521658003,97.0678395308543,2.93216046914567,-0.269411628437972,-0.257410979230773
"Huánuco, provincia: Ambo",17.9499686433001,13.5879032820013,97.170928855132,2.82907114486795,-0.276520832995573,-0.265919841358069
"San Martín, provincia: Lamas",33.4481154025128,2.81060958585389,97.4918566775244,2.50814332247556,-0.2767977886201,-0.263117345969851
"Cusco, provincia: Urubamba",15.8098682510979,8.99638336347197,94.2973391888401,5.70266081115992,-0.281742321648179,-0.270307173290375
"Lima, provincia: Canta",21.2793733681462,10.6005221932115,97.2845953002611,2.7154046997389,-0.292084058525248,-0.280092649785961
"Lima, provincia: Oyón",18.8151041666667,11.328125,97.0052083333333,2.99479166666666,-0.302514112371205,-0.290427928823374
"Cusco, provincia: Espinar",17.8792785750181,13.6746887040036,98.213188899436,1.78681110056397,-0.319320482245584,-0.30704880143298
"Amazonas, provincia: Bongara",21.9211822660099,9.46907498631637,97.6464148877942,2.35358511220581,-0.320543695789786,-0.307182152399227
"Áncash, provincia: Carhuaz",14.7119895408752,11.8664923479197,96.8007382911636,3.19926170883642,-0.344419940391391,-0.331089876645278
"Ayacucho, provincia: La Mar",18.5132898451952,11.5616785123162,98.2815694674326,1.71843053256742,-0.355563734279489,-0.341445189435491
"Cajamarca, provincia: Chota",17.68354045262,9.07580331858925,96.9458681457558,3.05413185424419,-0.362657542039748,-0.347893216451717
"Moquegua, provincia: General Sánchez Cerro",19.9260212286909,10.0353811514957,98.4882598906401,1.51174010935992,-0.374030144714163,-0.358808132695829
"Amazonas, provincia: Utcubamba",15.6507631692216,8.59186173558918,96.7155580571466,3.28444194285336,-0.39326399979314,-0.377364561314793
"Cusco, provincia: La Convención",16.9528262828475,9.36168140084265,97.6814982586883,2.31850174131171,-0.39849010785894,-0.382416121514333
"Arequipa, provincia: Condesuyos",17.1058048579662,10.1893783449979,98.5384932070811,1.4615067929189,-0.415179517834976,-0.398577333419792
"Cajamarca, provincia: Hualgayoc",15.147886480661,9.98682792479943,97.8525525885124,2.14744741148765,-0.419939569266726,-0.403266423711665
"Amazonas, provincia: Rodríguez de Mendoza",17.3629829290207,5.39083557951483,96.9564240790656,3.04357592093442,-0.442656551963252,-0.424118686998971
"Cusco, provincia: Canchis",13.6470501800015,8.76129601057968,97.3550804496363,2.64491955036368,-0.446485674288977,-0.42866825077833
"Cajamarca, provincia: San Marcos",13.1856829402084,11.0052111903456,98.292649478881,1.70735052111904,-0.446992225408387,-0.429578751506943
"San Martín, provincia: El Dorado",26.4965652600589,1.84276523825101,99.094973285356,0.905026714643981,-0.467309802633762,-0.446474280202042
"Puno, provincia: Chucuito",16.2312550427065,9.65973903124391,99.3100186406254,0.689981359374571,-0.471207481870808,-0.452367757523505
"Puno, provincia: Melgar",13.1939783296577,10.4564195991946,98.624029149487,1.375970850513,-0.471834179457909,-0.453343531639401
"Puno, provincia: San Antonio de Putina",16.0048721071864,8.18514007308161,98.9849776695087,1.01502233049126,-0.49094427281289,-0.471087210603644
"Huancavelica, provincia: Angaraes",11.7226078866385,10.1266728691047,98.4398482788234,1.56015172117655,-0.492841582692681,-0.473578160195035
"La Lbertad, provincia: Sánchez Carrión",11.8326277011052,10.3233078572607,98.6061472480343,1.39385275196568,-0.494147884450452,-0.474858304380765
"Cajamarca, provincia: Cutervo",12.1876836126577,8.15589938725833,98.3044682577432,1.69553174225679,-0.520220635864895,-0.499498341384372
"Cusco, provincia: Anta",11.605590262124,6.31802666323179,98.2739743672313,1.72602563276872,-0.564941845745039,-0.542179786565692
"Puno, provincia: Azángaro",10.633672401299,8.3657639764889,99.5383665691511,0.46163343084892,-0.590705464938535,-0.567355089678472
"Apurímac, provincia: Cotabambas",10.4748122114258,4.94107918131073,97.8567982909517,2.1432017090483,-0.592377205323582,-0.568380781540962
"Cajamarca, provincia: Cajabamba",9.36662364737417,7.17263972997121,98.5605082894867,1.43949171051325,-0.593046689876753,-0.569495909076133
"Áncash, provincia: Yungay",8.83877293738619,6.83569127328758,98.3891301302703,1.61086986972965,-0.600623986038869,-0.576756538063798
"Cusco, provincia: Calca",8.77125405821824,4.79832718868651,97.52930171133,2.47069828867001,-0.607081196548281,-0.582611459825701
"Áncash, provincia: Recuay",8.79228953579858,6.70731707317073,98.6821400472069,1.31785995279307,-0.616153786784691,-0.591654100101319
"Cusco, provincia: Quispicanchi",8.72167048637637,4.93166963755199,97.8227654698243,2.17723453017571,-0.617366329841786,-0.592517100909039
"Apurímac, provincia: Aymaraes",9.19352961713022,5.05062259979053,98.6500640055859,1.34993599441405,-0.642427004744394,-0.616571426749009
"Ucayali, provincia: Atalaya",11.262263995383,2.51463434743177,98.2191441998516,1.7808558001484,-0.644954914225519,-0.618400046816999
"Áncash, provincia: Asunción",9.33970460469157,3.30147697654214,97.9582971329279,2.04170286707212,-0.646855472609484,-0.620511013100064
"Cajamarca, provincia: Contumazá",7.31204943357363,4.47419613228058,97.9974825494908,2.00251745050922,-0.655021870033231,-0.628715138114438
"Ayacucho, provincia: Huanca Sancos",6.95592286501377,6.78374655647383,99.3112947658402,0.688705234159784,-0.668326986779214,-0.641921652975663
"Cajamarca, provincia: San Ignacio",8.66848127985779,4.01344295078325,98.6529274525053,1.34707254749472,-0.67144212592013,-0.644301451975799
"Cajamarca, provincia: Celendín",8.3271859405511,4.7038403124322,98.9151659796051,1.08483402039488,-0.673484470640723,-0.646409031087913
"La Lbertad, provincia: Pataz",8.23829787234042,4.39148936170213,98.7631205673759,1.23687943262412,-0.674804835382818,-0.64763010617547
"Apurímac, provincia: Chincheros",6.93289786223278,5.64133016627078,99.1315320665083,0.868467933491686,-0.684346664251925,-0.657112521769793
"Áncash, provincia: Bolognesi",7.42153124083309,3.82810208272221,98.4599589322382,1.54004106776181,-0.685796615441011,-0.658153586818887
"Puno, provincia: Sandia",8.26769626769627,5.14285714285714,99.6190476190476,0.38095238095238,-0.694846491922809,-0.667007505537703
"Huánuco, provincia: Pachitea",9.14496462441668,3.94400120427518,99.4656028902604,0.534397109739572,-0.699645629971728,-0.671341476298973
"Pasco, provincia: Daniel Alcides Carrión",8.72907746204749,3.46438302841573,99.2798754379136,0.720124562086411,-0.707844178907363,-0.679165432088106
"Puno, provincia: Lampa",7.05828481716491,5.09583306077059,99.5682606135933,0.431739386406747,-0.711767832536549,-0.683346070497564
"Loreto, provincia: Mariscal Ramón Castilla",9.38314509122502,0.540592721305145,98.2334202143064,1.76657978569359,-0.713704901828325,-0.684238039898854
"Lima, provincia: Yauyos",8.80821306353221,3.22868620740961,99.3602142538313,0.639785746168712,-0.714796031081347,-0.685795670984305
"Cusco, provincia: Chumbivilcas",4.47457627118644,5.97578692493947,99.2832929782082,0.716707021791763,-0.720660147833171,-0.692240006633873
"Áncash, provincia: Huari",6.21829062052816,4.01326915571745,99.0633537140627,0.936646285937286,-0.72521985735412,-0.696144589149481
"Loreto, provincia: Requena",10.3912182238362,0.594255529877847,98.9105315285573,1.08946847144273,-0.725802304417047,-0.695788361507321
"Loreto, provincia: Loreto",9.87308146399056,0.76741440377804,98.8193624557261,1.18063754427391,-0.72623262243122,-0.696271893157186
"Huancavelica, provincia: Huaytará",5.15608013666718,4.03789408293213,98.8662835844075,1.13371641559247,-0.732380316711592,-0.70310891876297
"Tacna, provincia: Candarave",7.95690012432656,3.56402818068794,99.7513468711148,0.248653128885195,-0.73704951154817,-0.70729398503019
"Ayacucho, provincia: Parinacochas",6.93515182707154,3.33247555326814,99.3309315491508,0.669068450849196,-0.73948015739497,-0.709667942578081
"Ayacucho, provincia: Páucar del Sara Sara",6.33848133848134,2.41312741312741,98.8738738738739,1.12612612612612,-0.747978915808247,-0.717718238931585
"Puno, provincia: Huancané",6.1441597915762,4.22058184976118,99.7351280937907,0.264871906209294,-0.75016175515856,-0.720142546268865
"Huánuco, provincia: Puerto Inca",7.6279922116596,1.48894742870232,98.9462833581491,1.05371664185088,-0.750466953194984,-0.719847900661055
"Puno, provincia: Carabaya",5.14046121593291,4.20125786163522,99.4046121593291,0.595387840670853,-0.751768892713228,-0.721760840319633
"Huancavelica, provincia: Tayacaja",4.89452867501648,3.83157547791694,99.2790046143705,0.720995385629536,-0.757704599043459,-0.727417174293909
"Tacna, provincia: Tarata",7.48031496062992,2.66841644794401,99.6500437445319,0.349956255468058,-0.758119733690223,-0.727413766830847
"Huancavelica, provincia: Churcampa",4.6999276934201,3.65664704059498,99.24594566677,0.75405433323003,-0.762784178630454,-0.73228090623617
"Loreto, provincia: Ucayali",6.43191702910672,0.644028103044497,98.5446637671462,1.4553362328538,-0.76873383694977,-0.737339799480808
"Cajamarca, provincia: Santa Cruz",5.17532179316467,2.24589436307146,99.005770084332,0.994229915668001,-0.774272546162805,-0.743034369218819
"Ayacucho, provincia: Lucanas",4.82539682539683,3.18614718614719,99.4170274170274,0.582972582972587,-0.777594574073215,-0.746414951799288
"La Lbertad, provincia: Gran Chimú",4.71904333290472,2.4045261669024,99.022759418799,0.977240581200974,-0.778586957134286,-0.747241197040498
"Ayacucho, provincia: Víctor Fajardo",3.81308929561841,3.25845812534664,99.2373821408763,0.762617859123679,-0.783768520376748,-0.752436119181838
"Ayacucho, provincia: Cangallo",4.48574486717914,3.42512406344264,99.6302422886056,0.369757711394385,-0.786725005716586,-0.75525233195371
"Áncash, provincia: Ocros",6.00235386426049,1.72616712436249,99.3723028638682,0.627697136131815,-0.787747646073841,-0.755822845221004
"Huancavelica, provincia: Acobamba",3.86671418389166,3.14504632929437,99.3139700641483,0.686029935851749,-0.788464289201205,-0.75692255517053
"Loreto, provincia: Datem del Marañón",6.59318836262536,0.724853539866945,99.2453579584947,0.754642041505321,-0.793928626497196,-0.761540483627297
"Huancavelica, provincia: Castrovirreyna",4.68688460023631,2.75699094131548,99.6061441512407,0.393855848759344,-0.796266831146648,-0.764285927095935
"Arequipa, provincia: La Unión",4.03111739745403,2.78170674210278,99.4578029231495,0.542197076850542,-0.79938088693999,-0.767332172034746
"Ayacucho, provincia: Sucre",3.40400119438638,2.98596595998806,99.5521051060018,0.44789489399821,-0.808551475899924,-0.776224458516921
"Lima, provincia: Cajatambo",4.49282075034738,1.66743862899491,99.3052339045854,0.69476609541455,-0.808715262575761,-0.776069100634119
"Cajamarca, provincia: San Miguel",4.85963983050847,1.72139830508475,99.4703389830508,0.529661016949163,-0.809025970034064,-0.776348355915836
"Huánuco, provincia: Huamalíes",5.63886815498405,1.46569858180091,99.6946461287915,0.305353871208524,-0.811922723941064,-0.779025862271362
"Cajamarca, provincia: San Pablo",3.69850187265918,2.05992509363296,99.3133583021223,0.686641697877661,-0.812970463318696,-0.780285776797159
"Ayacucho, provincia: Vilcas Huamán",3.36107032142274,2.74106705824767,99.5594713656388,0.440528634361243,-0.814469740677111,-0.781869846311841
"Huánuco, provincia: Dos De Mayo",3.64457514966915,2.13212897804852,99.4328326856423,0.567167314357732,-0.817298788797206,-0.784459751438033
"Áncash, provincia: Sihuas",3.38094614074171,1.95256191849037,99.3316734372952,0.668326562704763,-0.820662352919297,-0.787679837162276
"La Lbertad, provincia: Santiago de Chuco",4.45780482440062,1.93562577901606,99.7287191143046,0.271280885695433,-0.821473675911596,-0.78837248284434
"Huánuco, provincia: Marañón",5.58454378790015,0.930757297983359,99.7602594838528,0.239740516147222,-0.826327252942202,-0.792772905867369
"La Lbertad, provincia: Otuzco",2.96553219163234,2.0247127682636,99.4450466074138,0.554953392586171,-0.830143235703265,-0.796830854186988
"Áncash, provincia: Pomabamba",3.2258064516129,1.80011520737327,99.6687788018433,0.331221198156683,-0.840146061377131,-0.806379352190735
"Amazonas, provincia: Luya",3.37069844007212,1.46586187975229,99.6080583209218,0.391941679078158,-0.842226400918901,-0.80830841555995
"Apurímac, provincia: Grau",3.424168925667,1.85475816806962,99.8430589242403,0.156941075759747,-0.843345181339483,-0.809446096669634
"Piura, provincia: Huancabamba",2.97099363586939,1.14170584284755,99.4595286066072,0.540471393392821,-0.848581372888947,-0.814387273095968
"Piura, provincia: Ayabaca",3.05298404569628,1.11942748342197,99.5141487755236,0.485851224476392,-0.850086999645532,-0.815823180969948
"Loreto, provincia: Putumayo",4.71142520612485,0.117785630153121,99.8233215547703,0.176678445229683,-0.858511552166907,-0.823612711547798
"Cusco, provincia: Paucartambo",2.92289601881404,1.10028557030069,99.7900218377289,0.209978162271113,-0.863935633628097,-0.82913139654023
"Áncash, provincia: Antonio Raymondi",2.56207078711041,0.765979926043318,99.5773903856313,0.422609614368724,-0.867239511873258,-0.832274944790273
"Áncash, provincia: Carlos Fermín Fitzcarrald",2.06245181187355,1.19506553585197,99.6723207401696,0.327679259830376,-0.869968056597149,-0.835008716810409
"Áncash, provincia: Pallasca",2.60733801717408,0.749414519906323,99.7033567525371,0.296643247462924,-0.872156377285222,-0.836991141091163
"Amazonas, provincia: Condorcanqui",2.99505969534788,0.576368876080692,99.7735693701112,0.226430629888839,-0.872799447034205,-0.83754873809235
"Puno, provincia: Moho",1.89504373177843,1.23346041713389,99.8542274052478,0.145772594752188,-0.879285361355906,-0.843977506948646
"Áncash, provincia: Corongo",2.12345679012346,0.938271604938272,99.8024691358025,0.197530864197532,-0.879698116168461,-0.84430514455493
"Apurímac, provincia: Antabamba",2.21606648199446,1.00730294636112,99.8740871317049,0.125912868295146,-0.879901822387555,-0.844505543957443
"Cusco, provincia: Paruro",1.40845070422535,0.959740745357098,99.8005733516141,0.199426648385895,-0.889876514282613,-0.854140632325898
"Huánuco, provincia: Lauricocha",1.53649167733675,0.804828973843058,99.8353758917139,0.164624108286077,-0.892557269227696,-0.856678714868161
"Cusco, provincia: Canas",1.30240517159426,0.817568209905885,99.8574008936211,0.142599106378938,-0.89671894049659,-0.860696336751961
"La Lbertad, provincia: Bolívar",1.29769011160135,0.700752660264729,99.8442771866078,0.155722813392174,-0.898611753664159,-0.862494518839225
"Cusco, provincia: Acomayo",1.44822592324403,0.651701665459812,99.8841419261405,0.115858073859528,-0.899019573482532,-0.862866041022172
"Áncash, provincia: Aija",0.772797527047913,0.463678516228748,99.7939206594539,0.206079340546111,-0.90916982184611,-0.872635181529107
"Huánuco, provincia: Yarowilca",0.969962453066333,0.563204005006258,99.9374217772215,0.0625782227784697,-0.910191533476986,-0.873618412198354
"La Lbertad, provincia: Julcán",0.788821275636691,0.518368266846969,99.8760423709714,0.123957629028624,-0.911248287161344,-0.87463973186626
"Ucayali, provincia: Purús",1.75695461200586,0,100,0,-0.912460678505722,-0.875639319495621
"Huánuco, provincia: Huacaybamba",0.435835351089588,0.338983050847458,99.9273607748184,0.0726392251816037,-0.92230883658357,-0.885259638681135
"Áncash, provincia: Mariscal Luzuriaga",0.54375531011045,0.254885301614274,99.9490229396771,0.0509770603228503,-0.923305289103255,-0.886193784435944
